{
 "sum": 12566576.0,
 "avg": 260.5011608623549,
 "sumMD": 56183.0,
 "avgMD": 279.51741293532336,
 "sumSD": 50879.0,
 "avgSD": 253.12935323383084,
 "max": 496.0,
 "min": 0.0
}